{
    "rmse": 0.6592520398632267,
    "mae": 0.516864130999718,
    "r2": 0.32339459664108927
}