{
    "rmse": 0.6618882714596369,
    "mae": 0.5181114285442885,
    "r2": 0.31807868954157303
}